,Model,Accuracy,Precision,Recall,F1 score,AUC
0,Random Forest Classifier,0.8520650453302634,0.6420845624385447,0.49582384206529995,0.5595544130248501,0.876283815338752
