Model,Accuracy,Precision,Recall,F1 score,AUC
Decision Tree Classifier,0.8094689883436466,0.4974582425562818,0.5201214882308276,0.5085374907201187,0.6991642830641265
