Model,Accuracy,Precision,Recall,F1 Score,AUC
Optimized Decision Tree Classifier,0.842135559073248,0.6097804391217565,0.4639331814730448,0.5269512721000431,0.81833800616501
