Model,Accuracy,Precision,Recall,F1 Score,AUC
Voting Classifier with Optimized Threshold,0.8211253417757951,0.520021645021645,0.7296886864085042,0.6072669826224328,0.8765429377415959
