Model,Accuracy,Precision,Recall,F1 Score,AUC
KNN,0.8453014822276587,0.6063268892794376,0.5239179954441914,0.5621181262729125,0.8321998413448264
