Model,Accuracy,Precision,Recall,F1 Score,AUC
KNN,0.8500503669592747,0.6226583407671722,0.5299924069855733,0.5726004922067268,0.7274429364473322
