Model,Accuracy,Precision,Recall,F1 Score,AUC
Optimized KNN,0.851057706144769,0.635576923076923,0.5018982536066818,0.5608824777259227,0.8629048349382205
