Model,Accuracy,Precision,Recall,F1 Score,AUC
Optimized KNN for F1,0.8001151244783422,0.4798432250839866,0.6507213363705391,0.5523686754753464,0.797610505863015
