Model,Accuracy,Precision,Recall,F1 Score,AUC
Logistic Regression,0.8500503669592747,0.582216808769793,0.7286585365853658,0.6472579553148273,0.8911106171333134
