Model,Accuracy,Precision,Recall,F1 Score,AUC
Logistic Regression,0.8506259893509858,0.5841523341523341,0.7248475609756098,0.6469387755102041,0.8913007264718735
