Model,Accuracy,Precision,Recall,F1 Score,AUC
Neural Network,0.8606993812059289,0.6524017467248908,0.5671981776765376,0.6068237205523964,0.8856618352876717
