Model,Accuracy,Precision,Recall,F1 Score,AUC
Neural Network,0.8627140595769175,0.6552609067579127,0.5816249050873197,0.6162510056315366,0.8867070881436805
