Model,Accuracy,Precision,Recall,F1 score,AUC
Optimized Random Forest Classifier for F1,0.8545114404950352,0.6029609690444145,0.680334092634776,0.6393150196218338,0.8933590649159592
