Model,Accuracy,Precision,Recall,F1 score,AUC
Random Forest Classifier,0.854079723701252,0.6460945033751205,0.5087319665907365,0.5692438402718777,0.8758103304902671
