Model,Accuracy,Precision,Recall,F1 score,AUC
Optimized Random Forest Classifier,0.8678946611023168,0.7102212855637513,0.5117691723614275,0.5948808473080318,0.8936847879780146
