Model,Accuracy,Precision,Recall,F1 score,AUC
Optimized Random Forest Classifier for Recall,0.8040005756223917,0.4897587619481111,0.8170083523158694,0.6124075128059192,0.8899879795247464
