Model,Accuracy,Precision,Recall,F1 score,AUC
Optimized Random Forest Classifier for F1,0.8500503669592747,0.5847196549599507,0.7205770690964313,0.645578231292517,0.8941127039544075
