Model,Accuracy,Precision,Recall,F1 score,AUC
SVM,0.8666666666666667,0.6918238993710691,0.55,0.6128133704735376,0.8872121661721067
