Model,Accuracy,Precision,Recall,F1 score,AUC
Random Forest Classifier,0.865448265937545,0.7190366972477065,0.4760820045558087,0.5728643216080402,0.874070893840167
