Model,Accuracy,Precision,Recall,F1 score,AUC
SVM with Feature Engineering and SMOTE,0.7654676258992805,0.4206773618538324,0.59,0.4911550468262226,0.6923442136498517
